FID,LONGITUDE_bin,LONGITUDE_bound_min,LONGITUDE_bound_max,LATITUDE_bin,LATITUDE_bound_min,LATITUDE_bound_max,TIME_bin,TIME_bound_min,TIME_bound_max,DEPTH_bin,DEPTH_bound_min,DEPTH_bound_max,TEMP_n,TEMP_min,TEMP_max,TEMP_mean,TEMP_stddev,PSAL_n,PSAL_min,PSAL_max,PSAL_mean,PSAL_stddev,geom_bin
marvl3_atlas_data.fid-198671b7_17d3b9ee573_-2ed1,115.75,115.625,115.875,-32,-32.125,-31.875,1995-02-15T00:00:00Z,1995-02-01T00:00:00Z,1995-03-01T00:00:00Z,0,-5,5,1,22.485,22.485,22.485,,0,,,,,"POLYGON ((115.875 -31.875, 115.875 -32.125, 115.625 -32.125, 115.625 -31.875, 115.875 -31.875))"
marvl3_atlas_data.fid-198671b7_17d3b9ee573_-2eb5,115.75,115.625,115.875,-32,-32.125,-31.875,1995-12-15T00:00:00Z,1995-12-01T00:00:00Z,1996-01-01T00:00:00Z,0,-5,5,1,20.07,20.07,20.07,,0,,,,,"POLYGON ((115.875 -31.875, 115.875 -32.125, 115.625 -32.125, 115.625 -31.875, 115.875 -31.875))"
marvl3_atlas_data.fid-198671b7_17d3b9ee573_-2e8b,115.75,115.625,115.875,-32,-32.125,-31.875,1997-04-15T00:00:00Z,1997-04-01T00:00:00Z,1997-05-01T00:00:00Z,0,-5,5,1,23.538,23.538,23.538,,0,,,,,"POLYGON ((115.875 -31.875, 115.875 -32.125, 115.625 -32.125, 115.625 -31.875, 115.875 -31.875))"
marvl3_atlas_data.fid-198671b7_17d3b9ee573_-2e88,115.75,115.625,115.875,-32,-32.125,-31.875,1997-06-15T00:00:00Z,1997-06-01T00:00:00Z,1997-07-01T00:00:00Z,0,-5,5,1,21.638,21.638,21.638,,0,,,,,"POLYGON ((115.875 -31.875, 115.875 -32.125, 115.625 -32.125, 115.625 -31.875, 115.875 -31.875))"
marvl3_atlas_data.fid-198671b7_17d3b9ee573_-2e86,115.75,115.625,115.875,-32,-32.125,-31.875,1997-07-15T00:00:00Z,1997-07-01T00:00:00Z,1997-08-01T00:00:00Z,0,-5,5,4,19.138,21.838,20.813,1.1644,0,,,,,"POLYGON ((115.875 -31.875, 115.875 -32.125, 115.625 -32.125, 115.625 -31.875, 115.875 -31.875))"
marvl3_atlas_data.fid-198671b7_17d3b9ee573_-2e83,115.75,115.625,115.875,-32,-32.125,-31.875,1997-09-15T00:00:00Z,1997-09-01T00:00:00Z,1997-10-01T00:00:00Z,0,-5,5,2,18.338,18.338,18.338,0,0,,,,,"POLYGON ((115.875 -31.875, 115.875 -32.125, 115.625 -32.125, 115.625 -31.875, 115.875 -31.875))"
marvl3_atlas_data.fid-198671b7_17d3b9ee573_-2e76,115.75,115.625,115.875,-32,-32.125,-31.875,1997-12-15T00:00:00Z,1997-12-01T00:00:00Z,1998-01-01T00:00:00Z,0,-5,5,3,20.838,21.038,20.9713,0.1155,0,,,,,"POLYGON ((115.875 -31.875, 115.875 -32.125, 115.625 -32.125, 115.625 -31.875, 115.875 -31.875))"
marvl3_atlas_data.fid-198671b7_17d3b9ee573_-2e6a,115.75,115.625,115.875,-32,-32.125,-31.875,1998-03-15T00:00:00Z,1998-03-01T00:00:00Z,1998-04-01T00:00:00Z,0,-5,5,3,21.786,23.086,22.3527,0.6658,0,,,,,"POLYGON ((115.875 -31.875, 115.875 -32.125, 115.625 -32.125, 115.625 -31.875, 115.875 -31.875))"
marvl3_atlas_data.fid-198671b7_17d3b9ee573_-2e5b,115.75,115.625,115.875,-32,-32.125,-31.875,1998-06-15T00:00:00Z,1998-06-01T00:00:00Z,1998-07-01T00:00:00Z,0,-5,5,1,22.986,22.986,22.986,,0,,,,,"POLYGON ((115.875 -31.875, 115.875 -32.125, 115.625 -32.125, 115.625 -31.875, 115.875 -31.875))"
marvl3_atlas_data.fid-198671b7_17d3b9ee573_-2e59,115.75,115.625,115.875,-32,-32.125,-31.875,1998-09-15T00:00:00Z,1998-09-01T00:00:00Z,1998-10-01T00:00:00Z,0,-5,5,1,19.586,19.586,19.586,,0,,,,,"POLYGON ((115.875 -31.875, 115.875 -32.125, 115.625 -32.125, 115.625 -31.875, 115.875 -31.875))"
marvl3_atlas_data.fid-198671b7_17d3b9ee573_-2e34,115.75,115.625,115.875,-32,-32.125,-31.875,1999-05-15T00:00:00Z,1999-05-01T00:00:00Z,1999-06-01T00:00:00Z,0,-5,5,1,21.841,21.841,21.841,,0,,,,,"POLYGON ((115.875 -31.875, 115.875 -32.125, 115.625 -32.125, 115.625 -31.875, 115.875 -31.875))"
marvl3_atlas_data.fid-198671b7_17d3b9ee573_-2e28,115.75,115.625,115.875,-32,-32.125,-31.875,1999-06-15T00:00:00Z,1999-06-01T00:00:00Z,1999-07-01T00:00:00Z,0,-5,5,1,22.241,22.241,22.241,,0,,,,,"POLYGON ((115.875 -31.875, 115.875 -32.125, 115.625 -32.125, 115.625 -31.875, 115.875 -31.875))"
marvl3_atlas_data.fid-198671b7_17d3b9ee573_-2e1c,115.75,115.625,115.875,-32,-32.125,-31.875,2000-02-15T00:00:00Z,2000-02-01T00:00:00Z,2000-03-01T00:00:00Z,0,-5,5,1,23.926,23.926,23.926,,0,,,,,"POLYGON ((115.875 -31.875, 115.875 -32.125, 115.625 -32.125, 115.625 -31.875, 115.875 -31.875))"
marvl3_atlas_data.fid-198671b7_17d3b9ee573_-2e0f,115.75,115.625,115.875,-32,-32.125,-31.875,2000-05-15T00:00:00Z,2000-05-01T00:00:00Z,2000-06-01T00:00:00Z,0,-5,5,2,23.326,23.826,23.576,0.3536,0,,,,,"POLYGON ((115.875 -31.875, 115.875 -32.125, 115.625 -32.125, 115.625 -31.875, 115.875 -31.875))"
marvl3_atlas_data.fid-198671b7_17d3b9ee573_-2e0c,115.75,115.625,115.875,-32,-32.125,-31.875,2000-06-15T00:00:00Z,2000-06-01T00:00:00Z,2000-07-01T00:00:00Z,0,-5,5,1,20.526,20.526,20.526,,0,,,,,"POLYGON ((115.875 -31.875, 115.875 -32.125, 115.625 -32.125, 115.625 -31.875, 115.875 -31.875))"
marvl3_atlas_data.fid-198671b7_17d3b9ee573_-2e0a,115.75,115.625,115.875,-32,-32.125,-31.875,2000-07-15T00:00:00Z,2000-07-01T00:00:00Z,2000-08-01T00:00:00Z,0,-5,5,1,19.826,19.826,19.826,,0,,,,,"POLYGON ((115.875 -31.875, 115.875 -32.125, 115.625 -32.125, 115.625 -31.875, 115.875 -31.875))"
marvl3_atlas_data.fid-198671b7_17d3b9ee573_-2e09,115.75,115.625,115.875,-32,-32.125,-31.875,2000-08-15T00:00:00Z,2000-08-01T00:00:00Z,2000-09-01T00:00:00Z,0,-5,5,1,19.426,19.426,19.426,,0,,,,,"POLYGON ((115.875 -31.875, 115.875 -32.125, 115.625 -32.125, 115.625 -31.875, 115.875 -31.875))"
marvl3_atlas_data.fid-198671b7_17d3b9ee573_-2de7,115.75,115.625,115.875,-32,-32.125,-31.875,2001-03-15T00:00:00Z,2001-03-01T00:00:00Z,2001-04-01T00:00:00Z,0,-5,5,1,20.417,20.417,20.417,,0,,,,,"POLYGON ((115.875 -31.875, 115.875 -32.125, 115.625 -32.125, 115.625 -31.875, 115.875 -31.875))"
marvl3_atlas_data.fid-198671b7_17d3b9ee573_-2de2,115.75,115.625,115.875,-32,-32.125,-31.875,2001-05-15T00:00:00Z,2001-05-01T00:00:00Z,2001-06-01T00:00:00Z,0,-5,5,1,22.392,22.392,22.392,,0,,,,,"POLYGON ((115.875 -31.875, 115.875 -32.125, 115.625 -32.125, 115.625 -31.875, 115.875 -31.875))"
marvl3_atlas_data.fid-198671b7_17d3b9ee573_-2dd2,115.75,115.625,115.875,-32,-32.125,-31.875,2002-06-15T00:00:00Z,2002-06-01T00:00:00Z,2002-07-01T00:00:00Z,0,-5,5,1,21.421,21.421,21.421,,0,,,,,"POLYGON ((115.875 -31.875, 115.875 -32.125, 115.625 -32.125, 115.625 -31.875, 115.875 -31.875))"
marvl3_atlas_data.fid-198671b7_17d3b9ee573_-2dcf,115.75,115.625,115.875,-32,-32.125,-31.875,2002-08-15T00:00:00Z,2002-08-01T00:00:00Z,2002-09-01T00:00:00Z,0,-5,5,1,18.404,18.404,18.404,,0,,,,,"POLYGON ((115.875 -31.875, 115.875 -32.125, 115.625 -32.125, 115.625 -31.875, 115.875 -31.875))"
marvl3_atlas_data.fid-198671b7_17d3b9ee573_-2db4,115.75,115.625,115.875,-32,-32.125,-31.875,2003-10-15T00:00:00Z,2003-10-01T00:00:00Z,2003-11-01T00:00:00Z,0,-5,5,37,17.9635,19.23,18.1596,0.2796,34,35.43,35.61,35.5186,0.0524,"POLYGON ((115.875 -31.875, 115.875 -32.125, 115.625 -32.125, 115.625 -31.875, 115.875 -31.875))"
marvl3_atlas_data.fid-198671b7_17d3b9ee573_-2d95,115.75,115.625,115.875,-32,-32.125,-31.875,2003-11-15T00:00:00Z,2003-11-01T00:00:00Z,2003-12-01T00:00:00Z,0,-5,5,10,18.295,19.8053,18.8114,0.5519,10,35.159,35.5705,35.4436,0.1194,"POLYGON ((115.875 -31.875, 115.875 -32.125, 115.625 -32.125, 115.625 -31.875, 115.875 -31.875))"
marvl3_atlas_data.fid-198671b7_17d3b9ee573_-2d8b,115.75,115.625,115.875,-32,-32.125,-31.875,2004-01-15T00:00:00Z,2004-01-01T00:00:00Z,2004-02-01T00:00:00Z,0,-5,5,55,20.5433,23.732,22.1103,0.7891,34,35.6847,36.5578,36.1283,0.2162,"POLYGON ((115.875 -31.875, 115.875 -32.125, 115.625 -32.125, 115.625 -31.875, 115.875 -31.875))"
marvl3_atlas_data.fid-198671b7_17d3b9ee573_-2d79,115.75,115.625,115.875,-32,-32.125,-31.875,2004-02-15T00:00:00Z,2004-02-01T00:00:00Z,2004-03-01T00:00:00Z,0,-5,5,24,22.4943,24.578,22.9118,0.4355,24,36.149,36.639,36.227,0.1089,"POLYGON ((115.875 -31.875, 115.875 -32.125, 115.625 -32.125, 115.625 -31.875, 115.875 -31.875))"
marvl3_atlas_data.fid-198671b7_17d3b9ee573_-2d58,115.75,115.625,115.875,-32,-32.125,-31.875,2005-05-15T00:00:00Z,2005-05-01T00:00:00Z,2005-06-01T00:00:00Z,0,-5,5,1,24.812,24.812,24.812,,0,,,,,"POLYGON ((115.875 -31.875, 115.875 -32.125, 115.625 -32.125, 115.625 -31.875, 115.875 -31.875))"
marvl3_atlas_data.fid-198671b7_17d3b9ee573_-2d4b,115.75,115.625,115.875,-32,-32.125,-31.875,2005-08-15T00:00:00Z,2005-08-01T00:00:00Z,2005-09-01T00:00:00Z,0,-5,5,47,16.4907,18.7022,17.8408,0.6219,47,31.6223,35.7363,35.5063,0.5898,"POLYGON ((115.875 -31.875, 115.875 -32.125, 115.625 -32.125, 115.625 -31.875, 115.875 -31.875))"
marvl3_atlas_data.fid-198671b7_17d3b9ee573_-2d3f,115.75,115.625,115.875,-32,-32.125,-31.875,2005-10-15T00:00:00Z,2005-10-01T00:00:00Z,2005-11-01T00:00:00Z,0,-5,5,24,16.9027,18.011,17.0974,0.2485,24,35.3513,35.602,35.4172,0.0719,"POLYGON ((115.875 -31.875, 115.875 -32.125, 115.625 -32.125, 115.625 -31.875, 115.875 -31.875))"
marvl3_atlas_data.fid-198671b7_17d3b9ee573_-2d2b,115.75,115.625,115.875,-32,-32.125,-31.875,2005-11-15T00:00:00Z,2005-11-01T00:00:00Z,2005-12-01T00:00:00Z,0,-5,5,9,18.7468,18.952,18.8574,0.0698,9,35.4308,35.558,35.509,0.0368,"POLYGON ((115.875 -31.875, 115.875 -32.125, 115.625 -32.125, 115.625 -31.875, 115.875 -31.875))"
marvl3_atlas_data.fid-198671b7_17d3b9ee573_-2d00,115.75,115.625,115.875,-32,-32.125,-31.875,2006-05-15T00:00:00Z,2006-05-01T00:00:00Z,2006-06-01T00:00:00Z,0,-5,5,25,18.5535,19.6273,19.22,0.1914,25,35.311,35.7483,35.6391,0.1263,"POLYGON ((115.875 -31.875, 115.875 -32.125, 115.625 -32.125, 115.625 -31.875, 115.875 -31.875))"
marvl3_atlas_data.fid-198671b7_17d3b9ee573_-2ce3,115.75,115.625,115.875,-32,-32.125,-31.875,2006-12-15T00:00:00Z,2006-12-01T00:00:00Z,2007-01-01T00:00:00Z,0,-5,5,1,21.407,21.407,21.407,,0,,,,,"POLYGON ((115.875 -31.875, 115.875 -32.125, 115.625 -32.125, 115.625 -31.875, 115.875 -31.875))"
marvl3_atlas_data.fid-198671b7_17d3b9ee573_-2cd2,115.75,115.625,115.875,-32,-32.125,-31.875,2007-05-15T00:00:00Z,2007-05-01T00:00:00Z,2007-06-01T00:00:00Z,0,-5,5,57,18.4,21.3508,19.5899,0.657,57,35.469,36.34,36.0012,0.1449,"POLYGON ((115.875 -31.875, 115.875 -32.125, 115.625 -32.125, 115.625 -31.875, 115.875 -31.875))"
marvl3_atlas_data.fid-198671b7_17d3b9ee573_-2cb4,115.75,115.625,115.875,-32,-32.125,-31.875,2008-04-15T00:00:00Z,2008-04-01T00:00:00Z,2008-05-01T00:00:00Z,0,-5,5,26,20.9083,21.89,21.5085,0.2522,0,,,,,"POLYGON ((115.875 -31.875, 115.875 -32.125, 115.625 -32.125, 115.625 -31.875, 115.875 -31.875))"
marvl3_atlas_data.fid-198671b7_17d3b9ee573_-2cb1,115.75,115.625,115.875,-32,-32.125,-31.875,2008-05-15T00:00:00Z,2008-05-01T00:00:00Z,2008-06-01T00:00:00Z,0,-5,5,56,21.06,22.204,21.6339,0.3174,0,,,,,"POLYGON ((115.875 -31.875, 115.875 -32.125, 115.625 -32.125, 115.625 -31.875, 115.875 -31.875))"
marvl3_atlas_data.fid-198671b7_17d3b9ee573_-2cac,115.75,115.625,115.875,-32,-32.125,-31.875,2008-07-15T00:00:00Z,2008-07-01T00:00:00Z,2008-08-01T00:00:00Z,0,-5,5,517,16.8817,19.8686,18.394,0.5703,0,,,,,"POLYGON ((115.875 -31.875, 115.875 -32.125, 115.625 -32.125, 115.625 -31.875, 115.875 -31.875))"
marvl3_atlas_data.fid-198671b7_17d3b9ee573_-2ca8,115.75,115.625,115.875,-32,-32.125,-31.875,2008-08-15T00:00:00Z,2008-08-01T00:00:00Z,2008-09-01T00:00:00Z,0,-5,5,172,16.6457,17.1567,16.9311,0.1257,0,,,,,"POLYGON ((115.875 -31.875, 115.875 -32.125, 115.625 -32.125, 115.625 -31.875, 115.875 -31.875))"
marvl3_atlas_data.fid-198671b7_17d3b9ee573_-2ca1,115.75,115.625,115.875,-32,-32.125,-31.875,2008-09-15T00:00:00Z,2008-09-01T00:00:00Z,2008-10-01T00:00:00Z,0,-5,5,1848,16.07,18.576,17.1321,0.4725,0,,,,,"POLYGON ((115.875 -31.875, 115.875 -32.125, 115.625 -32.125, 115.625 -31.875, 115.875 -31.875))"
marvl3_atlas_data.fid-198671b7_17d3b9ee573_-2c9c,115.75,115.625,115.875,-32,-32.125,-31.875,2008-10-15T00:00:00Z,2008-10-01T00:00:00Z,2008-11-01T00:00:00Z,0,-5,5,3261,16.645,20.4617,18.5591,0.7492,0,,,,,"POLYGON ((115.875 -31.875, 115.875 -32.125, 115.625 -32.125, 115.625 -31.875, 115.875 -31.875))"
marvl3_atlas_data.fid-198671b7_17d3b9ee573_-2c91,115.75,115.625,115.875,-32,-32.125,-31.875,2008-11-15T00:00:00Z,2008-11-01T00:00:00Z,2008-12-01T00:00:00Z,0,-5,5,3106,17.892,20.58,18.9338,0.544,0,,,,,"POLYGON ((115.875 -31.875, 115.875 -32.125, 115.625 -32.125, 115.625 -31.875, 115.875 -31.875))"
marvl3_atlas_data.fid-198671b7_17d3b9ee573_-2c76,115.75,115.625,115.875,-32,-32.125,-31.875,2008-12-15T00:00:00Z,2008-12-01T00:00:00Z,2009-01-01T00:00:00Z,0,-5,5,3157,19.48,23.8542,21.2258,0.6764,0,,,,,"POLYGON ((115.875 -31.875, 115.875 -32.125, 115.625 -32.125, 115.625 -31.875, 115.875 -31.875))"
marvl3_atlas_data.fid-198671b7_17d3b9ee573_-2c6f,115.75,115.625,115.875,-32,-32.125,-31.875,2009-01-15T00:00:00Z,2009-01-01T00:00:00Z,2009-02-01T00:00:00Z,0,-5,5,2185,21.2127,26.177,22.6548,0.6012,0,,,,,"POLYGON ((115.875 -31.875, 115.875 -32.125, 115.625 -32.125, 115.625 -31.875, 115.875 -31.875))"
marvl3_atlas_data.fid-198671b7_17d3b9ee573_-2c60,115.75,115.625,115.875,-32,-32.125,-31.875,2009-02-15T00:00:00Z,2009-02-01T00:00:00Z,2009-03-01T00:00:00Z,0,-5,5,2068,21.5267,25.4548,22.866,0.5892,0,,,,,"POLYGON ((115.875 -31.875, 115.875 -32.125, 115.625 -32.125, 115.625 -31.875, 115.875 -31.875))"
marvl3_atlas_data.fid-198671b7_17d3b9ee573_-2c51,115.75,115.625,115.875,-32,-32.125,-31.875,2009-03-15T00:00:00Z,2009-03-01T00:00:00Z,2009-04-01T00:00:00Z,0,-5,5,2280,21.6602,24.3795,22.4706,0.4318,0,,,,,"POLYGON ((115.875 -31.875, 115.875 -32.125, 115.625 -32.125, 115.625 -31.875, 115.875 -31.875))"
marvl3_atlas_data.fid-198671b7_17d3b9ee573_-2c46,115.75,115.625,115.875,-32,-32.125,-31.875,2009-04-15T00:00:00Z,2009-04-01T00:00:00Z,2009-05-01T00:00:00Z,0,-5,5,1761,20.545,23.131,21.6452,0.488,0,,,,,"POLYGON ((115.875 -31.875, 115.875 -32.125, 115.625 -32.125, 115.625 -31.875, 115.875 -31.875))"
marvl3_atlas_data.fid-198671b7_17d3b9ee573_-2c3d,115.75,115.625,115.875,-32,-32.125,-31.875,2009-05-15T00:00:00Z,2009-05-01T00:00:00Z,2009-06-01T00:00:00Z,0,-5,5,1283,18.6828,22.1188,20.6841,0.629,0,,,,,"POLYGON ((115.875 -31.875, 115.875 -32.125, 115.625 -32.125, 115.625 -31.875, 115.875 -31.875))"
marvl3_atlas_data.fid-198671b7_17d3b9ee573_-2c2f,115.75,115.625,115.875,-32,-32.125,-31.875,2009-06-15T00:00:00Z,2009-06-01T00:00:00Z,2009-07-01T00:00:00Z,0,-5,5,77,19.2253,20.2577,19.8746,0.2916,0,,,,,"POLYGON ((115.875 -31.875, 115.875 -32.125, 115.625 -32.125, 115.625 -31.875, 115.875 -31.875))"
marvl3_atlas_data.fid-198671b7_17d3b9ee573_-2c23,115.75,115.625,115.875,-32,-32.125,-31.875,2009-07-15T00:00:00Z,2009-07-01T00:00:00Z,2009-08-01T00:00:00Z,0,-5,5,747,15.4233,20.7127,17.939,0.82,0,,,,,"POLYGON ((115.875 -31.875, 115.875 -32.125, 115.625 -32.125, 115.625 -31.875, 115.875 -31.875))"
marvl3_atlas_data.fid-198671b7_17d3b9ee573_-2c14,115.75,115.625,115.875,-32,-32.125,-31.875,2009-08-15T00:00:00Z,2009-08-01T00:00:00Z,2009-09-01T00:00:00Z,0,-5,5,235,16.4402,20.9835,18.5992,1.1213,0,,,,,"POLYGON ((115.875 -31.875, 115.875 -32.125, 115.625 -32.125, 115.625 -31.875, 115.875 -31.875))"
marvl3_atlas_data.fid-198671b7_17d3b9ee573_-2c0d,115.75,115.625,115.875,-32,-32.125,-31.875,2009-09-15T00:00:00Z,2009-09-01T00:00:00Z,2009-10-01T00:00:00Z,0,-5,5,2430,15.5863,21.4052,17.3291,0.8458,0,,,,,"POLYGON ((115.875 -31.875, 115.875 -32.125, 115.625 -32.125, 115.625 -31.875, 115.875 -31.875))"
marvl3_atlas_data.fid-198671b7_17d3b9ee573_-2c03,115.75,115.625,115.875,-32,-32.125,-31.875,2009-10-15T00:00:00Z,2009-10-01T00:00:00Z,2009-11-01T00:00:00Z,0,-5,5,3283,16.2753,25.0036,18.4485,0.919,0,,,,,"POLYGON ((115.875 -31.875, 115.875 -32.125, 115.625 -32.125, 115.625 -31.875, 115.875 -31.875))"
marvl3_atlas_data.fid-198671b7_17d3b9ee573_-2beb,115.75,115.625,115.875,-32,-32.125,-31.875,2009-11-15T00:00:00Z,2009-11-01T00:00:00Z,2009-12-01T00:00:00Z,0,-5,5,1679,18.3327,24.2783,20.7784,1.0806,0,,,,,"POLYGON ((115.875 -31.875, 115.875 -32.125, 115.625 -32.125, 115.625 -31.875, 115.875 -31.875))"
marvl3_atlas_data.fid-198671b7_17d3b9ee573_-2bdf,115.75,115.625,115.875,-32,-32.125,-31.875,2009-12-15T00:00:00Z,2009-12-01T00:00:00Z,2010-01-01T00:00:00Z,0,-5,5,1420,20.2704,25.3393,22.1905,0.9757,0,,,,,"POLYGON ((115.875 -31.875, 115.875 -32.125, 115.625 -32.125, 115.625 -31.875, 115.875 -31.875))"
marvl3_atlas_data.fid-198671b7_17d3b9ee573_-2bd3,115.75,115.625,115.875,-32,-32.125,-31.875,2010-01-15T00:00:00Z,2010-01-01T00:00:00Z,2010-02-01T00:00:00Z,0,-5,5,1655,21.2352,27.8403,23.6871,1.3678,0,,,,,"POLYGON ((115.875 -31.875, 115.875 -32.125, 115.625 -32.125, 115.625 -31.875, 115.875 -31.875))"
marvl3_atlas_data.fid-198671b7_17d3b9ee573_-2bc4,115.75,115.625,115.875,-32,-32.125,-31.875,2010-02-15T00:00:00Z,2010-02-01T00:00:00Z,2010-03-01T00:00:00Z,0,-5,5,1518,21.299,30.9919,24.3523,1.6122,0,,,,,"POLYGON ((115.875 -31.875, 115.875 -32.125, 115.625 -32.125, 115.625 -31.875, 115.875 -31.875))"
marvl3_atlas_data.fid-198671b7_17d3b9ee573_-2bae,115.75,115.625,115.875,-32,-32.125,-31.875,2010-03-15T00:00:00Z,2010-03-01T00:00:00Z,2010-04-01T00:00:00Z,0,-5,5,1492,21.369,26.2925,23.0004,1.0358,0,,,,,"POLYGON ((115.875 -31.875, 115.875 -32.125, 115.625 -32.125, 115.625 -31.875, 115.875 -31.875))"
marvl3_atlas_data.fid-198671b7_17d3b9ee573_-2b9e,115.75,115.625,115.875,-32,-32.125,-31.875,2010-04-15T00:00:00Z,2010-04-01T00:00:00Z,2010-05-01T00:00:00Z,0,-5,5,1744,20.1297,25.0303,21.7004,0.8969,16,36.0498,36.5061,36.1653,0.1311,"POLYGON ((115.875 -31.875, 115.875 -32.125, 115.625 -32.125, 115.625 -31.875, 115.875 -31.875))"
marvl3_atlas_data.fid-198671b7_17d3b9ee573_-2b91,115.75,115.625,115.875,-32,-32.125,-31.875,2010-05-15T00:00:00Z,2010-05-01T00:00:00Z,2010-06-01T00:00:00Z,0,-5,5,1094,18.0271,21.2716,20.0201,0.5457,17,35.5967,35.7492,35.6772,0.0497,"POLYGON ((115.875 -31.875, 115.875 -32.125, 115.625 -32.125, 115.625 -31.875, 115.875 -31.875))"
marvl3_atlas_data.fid-198671b7_17d3b9ee573_-2b82,115.75,115.625,115.875,-32,-32.125,-31.875,2010-06-15T00:00:00Z,2010-06-01T00:00:00Z,2010-07-01T00:00:00Z,0,-5,5,73,16.8,19.4,18.343,0.6856,0,,,,,"POLYGON ((115.875 -31.875, 115.875 -32.125, 115.625 -32.125, 115.625 -31.875, 115.875 -31.875))"
marvl3_atlas_data.fid-198671b7_17d3b9ee573_-2b6f,115.75,115.625,115.875,-32,-32.125,-31.875,2010-07-15T00:00:00Z,2010-07-01T00:00:00Z,2010-08-01T00:00:00Z,0,-5,5,659,15.2743,20.1042,18.289,0.7474,38,35.3169,35.7635,35.6026,0.0643,"POLYGON ((115.875 -31.875, 115.875 -32.125, 115.625 -32.125, 115.625 -31.875, 115.875 -31.875))"
marvl3_atlas_data.fid-198671b7_17d3b9ee573_-2b4c,115.75,115.625,115.875,-32,-32.125,-31.875,2010-08-15T00:00:00Z,2010-08-01T00:00:00Z,2010-09-01T00:00:00Z,0,-5,5,364,16.4602,20.0605,18.1437,0.824,17,35.474,35.6435,35.5811,0.0546,"POLYGON ((115.875 -31.875, 115.875 -32.125, 115.625 -32.125, 115.625 -31.875, 115.875 -31.875))"
marvl3_atlas_data.fid-198671b7_17d3b9ee573_-2b3a,115.75,115.625,115.875,-32,-32.125,-31.875,2010-09-15T00:00:00Z,2010-09-01T00:00:00Z,2010-10-01T00:00:00Z,0,-5,5,1915,16.3262,19.7866,18.1188,0.5579,0,,,,,"POLYGON ((115.875 -31.875, 115.875 -32.125, 115.625 -32.125, 115.625 -31.875, 115.875 -31.875))"
marvl3_atlas_data.fid-198671b7_17d3b9ee573_-2b26,115.75,115.625,115.875,-32,-32.125,-31.875,2010-10-15T00:00:00Z,2010-10-01T00:00:00Z,2010-11-01T00:00:00Z,0,-5,5,2228,18.3487,21.0957,19.3621,0.4563,0,,,,,"POLYGON ((115.875 -31.875, 115.875 -32.125, 115.625 -32.125, 115.625 -31.875, 115.875 -31.875))"
marvl3_atlas_data.fid-198671b7_17d3b9ee573_-2b14,115.75,115.625,115.875,-32,-32.125,-31.875,2010-11-15T00:00:00Z,2010-11-01T00:00:00Z,2010-12-01T00:00:00Z,0,-5,5,1456,18.9426,23.2357,20.7,0.7319,0,,,,,"POLYGON ((115.875 -31.875, 115.875 -32.125, 115.625 -32.125, 115.625 -31.875, 115.875 -31.875))"
marvl3_atlas_data.fid-198671b7_17d3b9ee573_-2b01,115.75,115.625,115.875,-32,-32.125,-31.875,2010-12-15T00:00:00Z,2010-12-01T00:00:00Z,2011-01-01T00:00:00Z,0,-5,5,1280,20.8595,23.8097,21.9067,0.6898,0,,,,,"POLYGON ((115.875 -31.875, 115.875 -32.125, 115.625 -32.125, 115.625 -31.875, 115.875 -31.875))"
marvl3_atlas_data.fid-198671b7_17d3b9ee573_-2af5,115.75,115.625,115.875,-32,-32.125,-31.875,2011-01-15T00:00:00Z,2011-01-01T00:00:00Z,2011-02-01T00:00:00Z,0,-5,5,1596,22.316,25.3913,23.6916,0.467,0,,,,,"POLYGON ((115.875 -31.875, 115.875 -32.125, 115.625 -32.125, 115.625 -31.875, 115.875 -31.875))"
marvl3_atlas_data.fid-198671b7_17d3b9ee573_-2ae2,115.75,115.625,115.875,-32,-32.125,-31.875,2011-02-15T00:00:00Z,2011-02-01T00:00:00Z,2011-03-01T00:00:00Z,0,-5,5,1369,23.2333,27.062,24.7821,0.8347,0,,,,,"POLYGON ((115.875 -31.875, 115.875 -32.125, 115.625 -32.125, 115.625 -31.875, 115.875 -31.875))"
marvl3_atlas_data.fid-198671b7_17d3b9ee573_-2ad1,115.75,115.625,115.875,-32,-32.125,-31.875,2011-03-15T00:00:00Z,2011-03-01T00:00:00Z,2011-04-01T00:00:00Z,0,-5,5,930,23.7224,26.6036,24.8412,0.6824,0,,,,,"POLYGON ((115.875 -31.875, 115.875 -32.125, 115.625 -32.125, 115.625 -31.875, 115.875 -31.875))"
marvl3_atlas_data.fid-198671b7_17d3b9ee573_-2ac9,115.75,115.625,115.875,-32,-32.125,-31.875,2011-04-15T00:00:00Z,2011-04-01T00:00:00Z,2011-05-01T00:00:00Z,0,-5,5,1585,21.9725,25.7323,23.6516,0.6216,0,,,,,"POLYGON ((115.875 -31.875, 115.875 -32.125, 115.625 -32.125, 115.625 -31.875, 115.875 -31.875))"
marvl3_atlas_data.fid-198671b7_17d3b9ee573_-2ac0,115.75,115.625,115.875,-32,-32.125,-31.875,2011-05-15T00:00:00Z,2011-05-01T00:00:00Z,2011-06-01T00:00:00Z,0,-5,5,974,20.3013,23.3605,22.0356,0.7709,0,,,,,"POLYGON ((115.875 -31.875, 115.875 -32.125, 115.625 -32.125, 115.625 -31.875, 115.875 -31.875))"
marvl3_atlas_data.fid-198671b7_17d3b9ee573_-2ab2,115.75,115.625,115.875,-32,-32.125,-31.875,2011-07-15T00:00:00Z,2011-07-01T00:00:00Z,2011-08-01T00:00:00Z,0,-5,5,449,16.4691,19.619,18.4968,0.6076,0,,,,,"POLYGON ((115.875 -31.875, 115.875 -32.125, 115.625 -32.125, 115.625 -31.875, 115.875 -31.875))"
marvl3_atlas_data.fid-198671b7_17d3b9ee573_-2aa2,115.75,115.625,115.875,-32,-32.125,-31.875,2011-08-15T00:00:00Z,2011-08-01T00:00:00Z,2011-09-01T00:00:00Z,0,-5,5,204,18.0905,19.6172,19.068,0.308,49,33.9623,35.1919,34.9527,0.2108,"POLYGON ((115.875 -31.875, 115.875 -32.125, 115.625 -32.125, 115.625 -31.875, 115.875 -31.875))"
marvl3_atlas_data.fid-198671b7_17d3b9ee573_-2a95,115.75,115.625,115.875,-32,-32.125,-31.875,2011-09-15T00:00:00Z,2011-09-01T00:00:00Z,2011-10-01T00:00:00Z,0,-5,5,939,17.3948,19.6847,18.5725,0.4708,0,,,,,"POLYGON ((115.875 -31.875, 115.875 -32.125, 115.625 -32.125, 115.625 -31.875, 115.875 -31.875))"
marvl3_atlas_data.fid-198671b7_17d3b9ee573_-2a7a,115.75,115.625,115.875,-32,-32.125,-31.875,2011-10-15T00:00:00Z,2011-10-01T00:00:00Z,2011-11-01T00:00:00Z,0,-5,5,1714,17.9537,21.1008,19.6701,0.4693,26,31.641,35.1722,34.838,0.7763,"POLYGON ((115.875 -31.875, 115.875 -32.125, 115.625 -32.125, 115.625 -31.875, 115.875 -31.875))"
marvl3_atlas_data.fid-198671b7_17d3b9ee573_-2a69,115.75,115.625,115.875,-32,-32.125,-31.875,2011-11-15T00:00:00Z,2011-11-01T00:00:00Z,2011-12-01T00:00:00Z,0,-5,5,1455,19.4803,22.618,20.8336,0.5032,25,34.4686,35.2241,35.1404,0.1542,"POLYGON ((115.875 -31.875, 115.875 -32.125, 115.625 -32.125, 115.625 -31.875, 115.875 -31.875))"
marvl3_atlas_data.fid-198671b7_17d3b9ee573_-2a4f,115.75,115.625,115.875,-32,-32.125,-31.875,2011-12-15T00:00:00Z,2011-12-01T00:00:00Z,2012-01-01T00:00:00Z,0,-5,5,95,21.01,22.5,21.5456,0.493,0,,,,,"POLYGON ((115.875 -31.875, 115.875 -32.125, 115.625 -32.125, 115.625 -31.875, 115.875 -31.875))"
marvl3_atlas_data.fid-198671b7_17d3b9ee573_-2a40,115.75,115.625,115.875,-32,-32.125,-31.875,2012-01-15T00:00:00Z,2012-01-01T00:00:00Z,2012-02-01T00:00:00Z,0,-5,5,1,23.428,23.428,23.428,,0,,,,,"POLYGON ((115.875 -31.875, 115.875 -32.125, 115.625 -32.125, 115.625 -31.875, 115.875 -31.875))"
marvl3_atlas_data.fid-198671b7_17d3b9ee573_-2a2c,115.75,115.625,115.875,-32,-32.125,-31.875,2012-02-15T00:00:00Z,2012-02-01T00:00:00Z,2012-03-01T00:00:00Z,0,-5,5,83,20.518,25.053,23.3278,1.4317,0,,,,,"POLYGON ((115.875 -31.875, 115.875 -32.125, 115.625 -32.125, 115.625 -31.875, 115.875 -31.875))"
marvl3_atlas_data.fid-198671b7_17d3b9ee573_-2a20,115.75,115.625,115.875,-32,-32.125,-31.875,2012-03-15T00:00:00Z,2012-03-01T00:00:00Z,2012-04-01T00:00:00Z,0,-5,5,1264,22.2168,26.3605,23.5452,0.5877,0,,,,,"POLYGON ((115.875 -31.875, 115.875 -32.125, 115.625 -32.125, 115.625 -31.875, 115.875 -31.875))"
marvl3_atlas_data.fid-198671b7_17d3b9ee573_-2a18,115.75,115.625,115.875,-32,-32.125,-31.875,2012-04-15T00:00:00Z,2012-04-01T00:00:00Z,2012-05-01T00:00:00Z,0,-5,5,1985,21.0558,24.0978,22.5869,0.4705,0,,,,,"POLYGON ((115.875 -31.875, 115.875 -32.125, 115.625 -32.125, 115.625 -31.875, 115.875 -31.875))"
marvl3_atlas_data.fid-198671b7_17d3b9ee573_-2a0c,115.75,115.625,115.875,-32,-32.125,-31.875,2012-05-15T00:00:00Z,2012-05-01T00:00:00Z,2012-06-01T00:00:00Z,0,-5,5,524,20.6535,23.0845,21.7814,0.4404,0,,,,,"POLYGON ((115.875 -31.875, 115.875 -32.125, 115.625 -32.125, 115.625 -31.875, 115.875 -31.875))"
marvl3_atlas_data.fid-198671b7_17d3b9ee573_-29f3,115.75,115.625,115.875,-32,-32.125,-31.875,2012-07-15T00:00:00Z,2012-07-01T00:00:00Z,2012-08-01T00:00:00Z,0,-5,5,27,16.2315,18,16.9207,0.381,26,32.9553,35.2621,35.0668,0.4648,"POLYGON ((115.875 -31.875, 115.875 -32.125, 115.625 -32.125, 115.625 -31.875, 115.875 -31.875))"
marvl3_atlas_data.fid-198671b7_17d3b9ee573_-29df,115.75,115.625,115.875,-32,-32.125,-31.875,2012-08-15T00:00:00Z,2012-08-01T00:00:00Z,2012-09-01T00:00:00Z,0,-5,5,40,16.5047,18.3447,17.5685,0.4172,30,34.1757,35.2741,35.1777,0.1944,"POLYGON ((115.875 -31.875, 115.875 -32.125, 115.625 -32.125, 115.625 -31.875, 115.875 -31.875))"
marvl3_atlas_data.fid-198671b7_17d3b9ee573_-29cb,115.75,115.625,115.875,-32,-32.125,-31.875,2012-09-15T00:00:00Z,2012-09-01T00:00:00Z,2012-10-01T00:00:00Z,0,-5,5,10,16.1764,18.2,17.1933,0.5125,8,35.0599,35.3625,35.2883,0.0955,"POLYGON ((115.875 -31.875, 115.875 -32.125, 115.625 -32.125, 115.625 -31.875, 115.875 -31.875))"
marvl3_atlas_data.fid-198671b7_17d3b9ee573_-29ba,115.75,115.625,115.875,-32,-32.125,-31.875,2012-10-15T00:00:00Z,2012-10-01T00:00:00Z,2012-11-01T00:00:00Z,0,-5,5,798,18.9308,20.5272,19.6944,0.3312,0,,,,,"POLYGON ((115.875 -31.875, 115.875 -32.125, 115.625 -32.125, 115.625 -31.875, 115.875 -31.875))"
marvl3_atlas_data.fid-198671b7_17d3b9ee573_-29a7,115.75,115.625,115.875,-32,-32.125,-31.875,2012-11-15T00:00:00Z,2012-11-01T00:00:00Z,2012-12-01T00:00:00Z,0,-5,5,3257,19.102,21.8745,19.9717,0.4916,0,,,,,"POLYGON ((115.875 -31.875, 115.875 -32.125, 115.625 -32.125, 115.625 -31.875, 115.875 -31.875))"
marvl3_atlas_data.fid-198671b7_17d3b9ee573_-2994,115.75,115.625,115.875,-32,-32.125,-31.875,2012-12-15T00:00:00Z,2012-12-01T00:00:00Z,2013-01-01T00:00:00Z,0,-5,5,1327,19.4697,25.3513,21.9439,1.4304,0,,,,,"POLYGON ((115.875 -31.875, 115.875 -32.125, 115.625 -32.125, 115.625 -31.875, 115.875 -31.875))"
marvl3_atlas_data.fid-198671b7_17d3b9ee573_-2984,115.75,115.625,115.875,-32,-32.125,-31.875,2013-01-15T00:00:00Z,2013-01-01T00:00:00Z,2013-02-01T00:00:00Z,0,-5,5,2701,22.554,25.8307,23.6833,0.5433,0,,,,,"POLYGON ((115.875 -31.875, 115.875 -32.125, 115.625 -32.125, 115.625 -31.875, 115.875 -31.875))"
marvl3_atlas_data.fid-198671b7_17d3b9ee573_-2977,115.75,115.625,115.875,-32,-32.125,-31.875,2013-02-15T00:00:00Z,2013-02-01T00:00:00Z,2013-03-01T00:00:00Z,0,-5,5,1549,22.6993,26.5913,23.8264,0.5452,0,,,,,"POLYGON ((115.875 -31.875, 115.875 -32.125, 115.625 -32.125, 115.625 -31.875, 115.875 -31.875))"
marvl3_atlas_data.fid-198671b7_17d3b9ee573_-2963,115.75,115.625,115.875,-32,-32.125,-31.875,2013-03-15T00:00:00Z,2013-03-01T00:00:00Z,2013-04-01T00:00:00Z,0,-5,5,923,22.451,24.7295,23.2852,0.4367,0,,,,,"POLYGON ((115.875 -31.875, 115.875 -32.125, 115.625 -32.125, 115.625 -31.875, 115.875 -31.875))"
marvl3_atlas_data.fid-198671b7_17d3b9ee573_-2950,115.75,115.625,115.875,-32,-32.125,-31.875,2013-04-15T00:00:00Z,2013-04-01T00:00:00Z,2013-05-01T00:00:00Z,0,-5,5,620,21.6,23.4828,22.775,0.2366,0,,,,,"POLYGON ((115.875 -31.875, 115.875 -32.125, 115.625 -32.125, 115.625 -31.875, 115.875 -31.875))"
marvl3_atlas_data.fid-198671b7_17d3b9ee573_-293e,115.75,115.625,115.875,-32,-32.125,-31.875,2013-05-15T00:00:00Z,2013-05-01T00:00:00Z,2013-06-01T00:00:00Z,0,-5,5,1362,18.1915,22.3175,21.0218,0.7938,0,,,,,"POLYGON ((115.875 -31.875, 115.875 -32.125, 115.625 -32.125, 115.625 -31.875, 115.875 -31.875))"
marvl3_atlas_data.fid-198671b7_17d3b9ee573_-292a,115.75,115.625,115.875,-32,-32.125,-31.875,2013-06-15T00:00:00Z,2013-06-01T00:00:00Z,2013-07-01T00:00:00Z,0,-5,5,431,16.7168,20.97,19.5508,0.8721,17,34.8756,35.3143,35.2744,0.1032,"POLYGON ((115.875 -31.875, 115.875 -32.125, 115.625 -32.125, 115.625 -31.875, 115.875 -31.875))"
marvl3_atlas_data.fid-198671b7_17d3b9ee573_-291c,115.75,115.625,115.875,-32,-32.125,-31.875,2013-07-15T00:00:00Z,2013-07-01T00:00:00Z,2013-08-01T00:00:00Z,0,-5,5,402,16.6837,20.7748,19.409,0.8224,0,,,,,"POLYGON ((115.875 -31.875, 115.875 -32.125, 115.625 -32.125, 115.625 -31.875, 115.875 -31.875))"
marvl3_atlas_data.fid-198671b7_17d3b9ee573_-290c,115.75,115.625,115.875,-32,-32.125,-31.875,2013-08-15T00:00:00Z,2013-08-01T00:00:00Z,2013-09-01T00:00:00Z,0,-5,5,58,17.9,19.7268,19.507,0.256,0,,,,,"POLYGON ((115.875 -31.875, 115.875 -32.125, 115.625 -32.125, 115.625 -31.875, 115.875 -31.875))"
marvl3_atlas_data.fid-198671b7_17d3b9ee573_-2902,115.75,115.625,115.875,-32,-32.125,-31.875,2013-09-15T00:00:00Z,2013-09-01T00:00:00Z,2013-10-01T00:00:00Z,0,-5,5,1191,16.9763,18.894,18.0516,0.4232,0,,,,,"POLYGON ((115.875 -31.875, 115.875 -32.125, 115.625 -32.125, 115.625 -31.875, 115.875 -31.875))"
marvl3_atlas_data.fid-198671b7_17d3b9ee573_-28f3,115.75,115.625,115.875,-32,-32.125,-31.875,2013-10-15T00:00:00Z,2013-10-01T00:00:00Z,2013-11-01T00:00:00Z,0,-5,5,1394,17.0488,20.0592,18.8785,0.386,0,,,,,"POLYGON ((115.875 -31.875, 115.875 -32.125, 115.625 -32.125, 115.625 -31.875, 115.875 -31.875))"
marvl3_atlas_data.fid-198671b7_17d3b9ee573_-28df,115.75,115.625,115.875,-32,-32.125,-31.875,2013-11-15T00:00:00Z,2013-11-01T00:00:00Z,2013-12-01T00:00:00Z,0,-5,5,1346,19.6585,22.8947,20.7994,0.6348,0,,,,,"POLYGON ((115.875 -31.875, 115.875 -32.125, 115.625 -32.125, 115.625 -31.875, 115.875 -31.875))"
marvl3_atlas_data.fid-198671b7_17d3b9ee573_-28d2,115.75,115.625,115.875,-32,-32.125,-31.875,2013-12-15T00:00:00Z,2013-12-01T00:00:00Z,2014-01-01T00:00:00Z,0,-5,5,1436,20.6715,24.747,22.0867,0.8153,0,,,,,"POLYGON ((115.875 -31.875, 115.875 -32.125, 115.625 -32.125, 115.625 -31.875, 115.875 -31.875))"
marvl3_atlas_data.fid-198671b7_17d3b9ee573_-28cf,115.75,115.625,115.875,-32,-32.125,-31.875,2014-01-15T00:00:00Z,2014-01-01T00:00:00Z,2014-02-01T00:00:00Z,0,-5,5,660,21.6368,24.1688,22.2697,0.5228,0,,,,,"POLYGON ((115.875 -31.875, 115.875 -32.125, 115.625 -32.125, 115.625 -31.875, 115.875 -31.875))"
marvl3_atlas_data.fid-198671b7_17d3b9ee573_-28c2,115.75,115.625,115.875,-32,-32.125,-31.875,2014-02-15T00:00:00Z,2014-02-01T00:00:00Z,2014-03-01T00:00:00Z,0,-5,5,872,20.8558,23.196,22.0145,0.4831,0,,,,,"POLYGON ((115.875 -31.875, 115.875 -32.125, 115.625 -32.125, 115.625 -31.875, 115.875 -31.875))"
marvl3_atlas_data.fid-198671b7_17d3b9ee573_-28af,115.75,115.625,115.875,-32,-32.125,-31.875,2014-03-15T00:00:00Z,2014-03-01T00:00:00Z,2014-04-01T00:00:00Z,0,-5,5,1648,21.6712,24.4052,22.3271,0.4233,0,,,,,"POLYGON ((115.875 -31.875, 115.875 -32.125, 115.625 -32.125, 115.625 -31.875, 115.875 -31.875))"
marvl3_atlas_data.fid-198671b7_17d3b9ee573_-289d,115.75,115.625,115.875,-32,-32.125,-31.875,2014-04-15T00:00:00Z,2014-04-01T00:00:00Z,2014-05-01T00:00:00Z,0,-5,5,1508,20.6082,23.492,22.1728,0.7358,0,,,,,"POLYGON ((115.875 -31.875, 115.875 -32.125, 115.625 -32.125, 115.625 -31.875, 115.875 -31.875))"
marvl3_atlas_data.fid-198671b7_17d3b9ee573_-2890,115.75,115.625,115.875,-32,-32.125,-31.875,2014-05-15T00:00:00Z,2014-05-01T00:00:00Z,2014-06-01T00:00:00Z,0,-5,5,202,19.9,21.0323,20.4977,0.2898,0,,,,,"POLYGON ((115.875 -31.875, 115.875 -32.125, 115.625 -32.125, 115.625 -31.875, 115.875 -31.875))"
marvl3_atlas_data.fid-198671b7_17d3b9ee573_-2880,115.75,115.625,115.875,-32,-32.125,-31.875,2014-06-15T00:00:00Z,2014-06-01T00:00:00Z,2014-07-01T00:00:00Z,0,-5,5,1580,17.4602,21.658,19.4547,0.7256,0,,,,,"POLYGON ((115.875 -31.875, 115.875 -32.125, 115.625 -32.125, 115.625 -31.875, 115.875 -31.875))"
marvl3_atlas_data.fid-198671b7_17d3b9ee573_-2874,115.75,115.625,115.875,-32,-32.125,-31.875,2014-07-15T00:00:00Z,2014-07-01T00:00:00Z,2014-08-01T00:00:00Z,0,-5,5,719,16.7808,19.7503,18.3977,0.6818,0,,,,,"POLYGON ((115.875 -31.875, 115.875 -32.125, 115.625 -32.125, 115.625 -31.875, 115.875 -31.875))"
marvl3_atlas_data.fid-198671b7_17d3b9ee573_-285b,115.75,115.625,115.875,-32,-32.125,-31.875,2014-09-15T00:00:00Z,2014-09-01T00:00:00Z,2014-10-01T00:00:00Z,0,-5,5,3,18.7,20.233,19.7183,0.8819,0,,,,,"POLYGON ((115.875 -31.875, 115.875 -32.125, 115.625 -32.125, 115.625 -31.875, 115.875 -31.875))"
marvl3_atlas_data.fid-198671b7_17d3b9ee573_-2855,115.75,115.625,115.875,-32,-32.125,-31.875,2014-10-15T00:00:00Z,2014-10-01T00:00:00Z,2014-11-01T00:00:00Z,0,-5,5,1,19.1,19.1,19.1,,0,,,,,"POLYGON ((115.875 -31.875, 115.875 -32.125, 115.625 -32.125, 115.625 -31.875, 115.875 -31.875))"
marvl3_atlas_data.fid-198671b7_17d3b9ee573_-284e,115.75,115.625,115.875,-32,-32.125,-31.875,2014-11-15T00:00:00Z,2014-11-01T00:00:00Z,2014-12-01T00:00:00Z,0,-5,5,126,20.0758,20.6388,20.3168,0.1326,0,,,,,"POLYGON ((115.875 -31.875, 115.875 -32.125, 115.625 -32.125, 115.625 -31.875, 115.875 -31.875))"
marvl3_atlas_data.fid-198671b7_17d3b9ee573_-2842,115.75,115.625,115.875,-32,-32.125,-31.875,2014-12-15T00:00:00Z,2014-12-01T00:00:00Z,2015-01-01T00:00:00Z,0,-5,5,1162,20.0545,22.1363,21.0905,0.4101,0,,,,,"POLYGON ((115.875 -31.875, 115.875 -32.125, 115.625 -32.125, 115.625 -31.875, 115.875 -31.875))"
